{"cameraMode":{"drawMode":0,"name":"Shaded","section":"Shading Mode"},"sceneLighting":true,"audioPlay":false,"sceneViewState":{"m_AlwaysRefresh":false,"showFog":true,"showSkybox":true,"showFlares":true,"showImageEffects":true,"showParticleSystems":true,"showVisualEffectGraphs":true,"m_FxEnabled":true},"in2DMode":false,"pivot":{"x":0.7118678092956543,"y":-0.5644879937171936,"z":1.161481499671936},"rotation":{"x":0.41493862867355349,"y":0.26164817810058596,"z":-0.12590250372886659,"w":0.8622856140136719},"size":1.6271014213562012,"orthographic":false}