{"cameraMode":{"drawMode":0,"name":"Shaded","section":"Shading Mode"},"sceneLighting":true,"audioPlay":false,"sceneViewState":{"m_AlwaysRefresh":false,"showFog":true,"showSkybox":true,"showFlares":true,"showImageEffects":true,"showParticleSystems":true,"showVisualEffectGraphs":true,"m_FxEnabled":true},"in2DMode":false,"pivot":{"x":3.9104487895965578,"y":-1.1552321910858155,"z":4.124085426330566},"rotation":{"x":0.17121659219264985,"y":-0.3817325830459595,"z":0.07218746840953827,"w":0.9054051041603088},"size":2.0487258434295656,"orthographic":false}